Workbook

Sheet GiaDinh
A1: Giả định dùng chung (ô vàng: đổi được, mọi sheet tự tính lại) | B1: Giá trị | C1: Đơn vị | D1: Nguồn / căn cứ
A2: Giá trị đơn trung bình | B2: 434252 | C2: đ | D2: Dữ liệu mẫu: 579.727.000đ / 1.335 đơn (bao-cao-buoi-13.md mục 3.2)
A3: Tỷ lệ lợi nhuận gộp bình quân có trọng số | B3: 0.3423 | D3: Báo cáo buổi 13 mục 3.1
A4: Phí vận chuyển cửa hàng chịu cho một đơn (bình quân 5 vùng, đơn > 1 kg) | B4: 31600 | C4: đ | D4: Trung bình phí > 1 kg của 5 vùng trong setup-shipping.php; GIẢ ĐỊNH phí hợp đồng = phí niêm yết
A5: Ngưỡng miễn phí vận chuyển | B5: 499000 | C5: đ | D5: nhom25-shipping.php
A6: Chi phí đóng gói một đơn | B6: 5000 | C6: đ | D6: GIẢ ĐỊNH - nhóm cập nhật theo báo giá hộp, băng keo
A7: Tỷ lệ đơn bị hoàn | B7: 0.03 | D7: GIẢ ĐỊNH - chưa có dữ liệu thật
A8: Chi phí cho một đơn hoàn (ship 2 chiều + xử lý) | B8: 68200 | C8: đ | D8: =2 × phí ship + đóng gói
A9: Giá trị vòng đời khách (LTV) | B9: 992329 | C9: đ | D9: Báo cáo buổi 13 mục 3.2 (giả định 1,5 năm gắn bó)
A10: Tỷ lệ LTV / CAC tối thiểu | B10: 3 | C10: lần | D10: Lý thuyết buổi 5, slide 30
A11: Tỷ lệ chuyển đổi phiên → đơn: tìm kiếm trả phí | B11: 0.0307 | D11: Dữ liệu mẫu, báo cáo buổi 13 mục 2.2
A12: Tỷ lệ chuyển đổi phiên → đơn: quảng cáo MXH | B12: 0.0142 | D12: Dữ liệu mẫu, báo cáo buổi 13 mục 2.2
A13: CPC tham khảo giữa khoảng: tìm kiếm | B13: 3186 | C13: đ | D13: Dữ liệu mẫu ad_spend.csv (nền tảng báo). CẦN tra Google Keyword Planner, ghi ngày tra
A14: CPC tham khảo giữa khoảng: MXH | B14: 1396 | C14: đ | D14: Dữ liệu mẫu ad_spend.csv (nền tảng báo). CẦN tra công cụ của nền tảng, ghi ngày tra
A15: Biên độ khoảng CPC (± so với giữa khoảng) | B15: 0.3 | D15: GIẢ ĐỊNH ±30% khi chưa tra được khoảng thật
A16: Ngân sách thử nghiệm mỗi kênh / tháng | B16: 10000000 | C16: đ | D16: GIẢ ĐỊNH
A18: Ghi chú: mọi số GIẢ ĐỊNH phải ghi rõ trong báo cáo; khi có số thật chỉ cần sửa ô vàng.

Sheet SanPham
A1: SKU | B1: Tên sản phẩm | C1: Nhóm hàng | D1: Giá bán | E1: Giá vốn | F1: Biên gộp | G1: Khối lượng (g)
A2: BUT-GEL-001 | B2: Bút bi gel 0.5mm | C2: Bút viết | D2: 58000 | E2: 39000 | F2: =(D2-E2)/D2 | G2: 767
A3: BUT-CHI-002 | B3: Bút chì gỗ HB | C3: Bút viết | D3: 290000 | E3: 196000 | F3: =(D3-E3)/D3 | G3: 435
A4: BUT-MUC-003 | B4: Bút highlight 5 màu | C4: Bút viết | D4: 220000 | E4: 129000 | F4: =(D4-E4)/D4 | G4: 222
A5: BUT-MUC-004 | B5: Bút lông kim 0.4mm | C5: Bút viết | D5: 35000 | E5: 24000 | F5: =(D5-E5)/D5 | G5: 793
A6: BUT-MUC-005 | B6: Bút xoá nước 8ml | C6: Bút viết | D6: 290000 | E6: 181000 | F6: =(D6-E6)/D6 | G6: 203
A7: BUT-GEL-006 | B7: Ruột bút gel 0.5mm | C7: Bút viết | D7: 220000 | E7: 157000 | F7: =(D7-E7)/D7 | G7: 840
A8: BUT-CHI-007 | B8: Bút chì bấm 0.7mm | C8: Bút viết | D8: 75000 | E8: 52000 | F8: =(D8-E8)/D8 | G8: 178
A9: BUT-MUC-008 | B9: Bút máy luyện chữ | C9: Bút viết | D9: 45000 | E9: 32000 | F9: =(D9-E9)/D9 | G9: 186
A10: VO-VO-009 | B10: Vở kẻ ngang 200 trang | C10: Vở & sổ | D10: 95000 | E10: 56000 | F10: =(D10-E10)/D10 | G10: 597
A11: VO-VO-010 | B11: Vở ô ly lớp 1 | C11: Vở & sổ | D11: 165000 | E11: 120000 | F11: =(D11-E11)/D11 | G11: 75
A12: VO-SO-011 | B12: Sổ tay bìa cứng A5 | C12: Vở & sổ | D12: 290000 | E12: 167000 | F12: =(D12-E12)/D12 | G12: 150
A13: VO-VO-012 | B13: Vở vẽ A4 không dòng | C13: Vở & sổ | D13: 35000 | E13: 20000 | F13: =(D13-E13)/D13 | G13: 115
... A41: MT-DCMT-040 | B41: Bộ tô tượng thạch cao | C41: Mỹ thuật | D41: 290000 | E41: 184000 | F41: =(D41-E41)/D41 | G41: 184
A43: Nguồn: 02-dataset/products.csv (dữ liệu mẫu). Lưu ý: cột khối lượng của dữ liệu mẫu rất lớn (bút gel 767 g), nên gần như mọi đơn rơi vào mức phí > 1 kg.

Sheet LT4_ChiPhi
A1: Phương thức | B1: Phí cố định (đ) | C1: Tỷ lệ phí | D1: Nguồn biểu phí (tra cứu, ghi ngày) | E1: Đơn 150.000đ | F1: Đơn 450.000đ | G1: Đơn 1.500.000đ
A2: Giá trị đơn | E2: 150000 | F2: 450000 | G2: 1500000
A3: Lợi nhuận gộp của đơn | E3: =E2*GiaDinh!$B$3 | F3: =F2*GiaDinh!$B$3 | G3: =G2*GiaDinh!$B$3
A4: VNPay (thẻ ATM nội địa) | B4: 1650 | C4: 0.011 | D4: GIẢ ĐỊNH - CẦN tra biểu phí VNPay trên hợp đồng/website, ghi ngày tra | E4: =$B4+$C4*E$2 | F4: =$B4+$C4*F$2 | G4: =$B4+$C4*G$2
A5: VietQR (chuyển khoản) | B5: 0 | C5: 0 | D5: Chuyển khoản liên ngân hàng 24/7 thường miễn phí cho người nhận - CẦN xác nhận với ngân hàng | E5: =$B5+$C5*E$2 | F5: =$B5+$C5*F$2 | G5: =$B5+$C5*G$2
A6: COD (thu hộ qua đơn vị vận chuyển) | B6: 0 | C6: 0.008 | D6: GIẢ ĐỊNH - CẦN tra phí thu hộ của GHN/GHTK/Viettel Post | E6: =$B6+$C6*E$2 | F6: =$B6+$C6*F$2 | G6: =$B6+$C6*G$2
A8: Tỷ trọng phí / lợi nhuận gộp
A9: VNPay (thẻ ATM nội địa) | E9: =E4/E$3 | F9: =F4/F$3 | G9: =G4/G$3
A10: VietQR (chuyển khoản) | E10: =E5/E$3 | F10: =F5/F$3 | G10: =G5/G$3
A11: COD (thu hộ qua đơn vị vận chuyển) | E11: =E6/E$3 | F11: =F6/F$3 | G11: =G6/G$3
A13: Công thức: phí = phí cố định + tỷ lệ × giá trị đơn; tỷ trọng = phí ÷ lợi nhuận gộp (lý thuyết buổi 4, slide 31). Với đơn nhỏ, phần cố định chiếm tỷ trọng lớn.

Sheet LT4_DoiSoat
A1: Mã đơn | B1: Phương thức | C1: Số tiền theo cửa hàng | D1: Số tiền theo cổng thanh toán | E1: Phí cổng | F1: Thực nhận theo sao kê | G1: Chênh lệch cửa hàng − cổng | H1: Chênh lệch cổng − phí − sao kê | I1: Kết luận | J1: Nguyên nhân và hướng xử lý
A2: DH201 | B2: VNPay | C2: 348000 | D2: 348000 | E2: =IF(D2=0,0,LT4_ChiPhi!$B$4*IF(D2>C2*1.5,2,1)+LT4_ChiPhi!$C$4*D2) | F2: 342522 | G2: =C2-D2 | H2: =D2-E2-F2 | I2: =IF(AND(ABS(G2)<1,ABS(H2)<1),"Khớp","LỆCH") | J2: Khớp.
A3: DH202 | B3: VNPay | C3: 458000 | D3: 916000 | E3: =IF(D3=0,0,LT4_ChiPhi!$B$4*IF(D3>C3*1.5,2,1)+LT4_ChiPhi!$C$4*D3) | F3: 901924 | G3: =C3-D3 | H3: =D3-E3-F3 | I3: =IF(AND(ABS(G3)<1,ABS(H3)<1),"Khớp","LỆCH") | J3: Giao dịch trùng: khách bấm thanh toán 2 lần, cổng ghi nhận 2 lần. Xử lý: hoàn lần thứ hai qua cổng; IPN mới đã chặn đơn thứ hai (mã 02).
A4: DH203 | B4: VNPay | C4: 520000 | D4: 468000 | E4: =IF(D4=0,0,LT4_ChiPhi!$B$4*IF(D4>C4*1.5,2,1)+LT4_ChiPhi!$C$4*D4) | F4: 461202 | G4: =C4-D4 | H4: =D4-E4-F4 | I4: =IF(AND(ABS(G4)<1,ABS(H4)<1),"Khớp","LỆCH") | J4: Lệch số tiền: mã giảm giá 10% áp sau khi cấp phép. Xử lý: rà soát chứng từ, điều chỉnh bút toán; IPN mới từ chối số tiền không khớp (mã 04).
A5: (không có) | B5: VietQR | C5: 0 | D5: 290000 | E5: 0 | F5: 290000 | G5: =C5-D5 | H5: =D5-E5-F5 | I5: =IF(AND(ABS(G5)<1,ABS(H5)<1),"Khớp","LỆCH") | J5: Có tiền, không đơn: khách chuyển khoản nhưng đơn không tạo. Xử lý: truy vết theo nội dung chuyển khoản, liên hệ khách.
A6: DH204 | B6: VietQR | C6: 415000 | D6: 0 | E6: 0 | F6: 0 | G6: =C6-D6 | H6: =D6-E6-F6 | I6: =IF(AND(ABS(G6)<1,ABS(H6)<1),"Khớp","LỆCH") | J6: Có đơn, không có tiền: khách chưa chuyển. Xử lý: giữ đơn Tạm giữ, không giao, hủy sau 24 giờ.
A8: DỮ LIỆU GIẢ LẬP để luyện đối soát 3 nguồn (lý thuyết buổi 4, slide 15-16). Sandbox VNPay không có sao kê thật; khi có sao kê thử nghiệm, thay cột D và F.

Sheet LT4_QuyTacRuiRo
A1: Quy tắc | B1: Điều kiện kích hoạt (đo được) | C1: Ngưỡng | D1: Hành động | E1: Lý do chọn ngưỡng
A2: 1 | B2: Đơn đầu tiên của một email có giá trị lớn hơn N lần giá trị đơn trung bình | C2: 3 | D2: Giữ đơn, gọi xác nhận trước khi giao | E2: Đơn trung bình 434.252đ ⇒ ngưỡng ≈ 1,3 triệu. Khách mới mua lớn bất thường là dấu hiệu dùng thẻ đánh cắp (slide 27).
A3: 2 | B3: Cùng một IP có từ N lần thanh toán bị từ chối trong 1 giờ | C3: 3 | D3: Chặn thanh toán thẻ của IP đó 1 giờ (vẫn cho COD) | E3: Dò thử số thẻ tạo nhiều lần từ chối liên tiếp (slide 26). Người thật hiếm khi bị từ chối quá 2 lần.
A4: 3 | B4: Đơn COD giao tới tỉnh khác Hà Nội có giá trị từ N đồng | C4: 1000000 | D4: Gọi xác minh trước khi gửi hàng | E4: COD giá trị lớn đi xa có chi phí hoàn cao (2 × phí ship ≈ 63.000đ) và chiếm dụng vốn (slide 12, 42).
A6: Kiểm tra nhanh quy tắc 1: | B6: ="Ngưỡng đơn đầu tiên = "&TEXT(C2*GiaDinh!$B$2,"#,##0")&" đ"

Sheet LT6_NguongChi
A1: Chỉ số | B1: Giá trị | C1: Công thức / ghi chú
A2: Sản phẩm chủ lực (số dòng trong sheet SanPham) | B2: 30 | C2: Đổi số dòng để tính cho sản phẩm khác. Mặc định: Ba lô có phản quang (có kiểm định, khớp định vị an toàn)
A3: Tên sản phẩm | B3: =INDEX(SanPham!B:B,B2)
A4: Giá bán | B4: =INDEX(SanPham!D:D,B2)
A5: Giá vốn | B5: =INDEX(SanPham!E:E,B2) | C5: Giá nhập, chưa gồm vận chuyển
A6: Biên gộp sản phẩm (chưa tính vận chuyển) | B6: =(B4-B5)/B4 | C6: (Giá bán − Giá vốn) ÷ Giá bán
A7: Giá trị đơn dùng để tính | B7: =GiaDinh!$B$2 | C7: Mặc định = đơn trung bình (đơn có ba lô thường kèm món khác). Ô vàng, đổi được
A8: Chi phí vận chuyển + đóng gói + hoàn hàng của một đơn | B8: =IF(B7>=GiaDinh!$B$5,GiaDinh!$B$4,0)+GiaDinh!$B$6+GiaDinh!$B$7*GiaDinh!$B$8 | C8: Phí ship cửa hàng chỉ chịu khi đơn ≥ ngưỡng miễn phí; dưới ngưỡng khách trả
A9: Biên gộp thực | B9: =B6-B8/B7 | C9: Biên gộp sản phẩm − chi phí logistics tính trên giá trị đơn (slide 26: nêu rõ chi phí nào tính vào giá vốn)
A10: ROAS hoà vốn (sản phẩm chủ lực) | B10: =1/B9 | C10: =1 ÷ biên gộp thực
A11: ROAS hoà vốn (bình quân cửa hàng) | B11: =1/GiaDinh!$B$3 | C11: =1 ÷ 34,23% (dùng cho dự báo 3 tình huống theo đơn trung bình)
A12: CPA tối đa theo đơn | B12: =B7*B9 | C12: =giá trị đơn × biên gộp thực
A13: CPA tối đa theo LTV (CAC tối đa) | B13: =GiaDinh!$B$9/GiaDinh!$B$10 | C13: =LTV ÷ 3 (buổi 5); chấp nhận dưới ngưỡng ở đơn đầu nếu khách mua lại
A15: Kênh | B15: CPC tối đa theo đơn | C15: CPC tối đa theo LTV | D15: CPC tham khảo giữa khoảng | E15: Khả thi theo đơn? | F15: Khả thi theo LTV?
A16: Tìm kiếm trả phí | B16: =$B$12*GiaDinh!$B$11 | C16: =$B$13*GiaDinh!$B$11 | D16: =GiaDinh!$B$13 | E16: =IF(D16<=B16,"Có","Không - tối ưu trang đích trước") | F16: =IF(D16<=C16,"Có","Không")
A17: Quảng cáo MXH | B17: =$B$12*GiaDinh!$B$12 | C17: =$B$13*GiaDinh!$B$12 | D17: =GiaDinh!$B$14 | E17: =IF(D17<=B17,"Có","Không - tối ưu trang đích trước") | F17: =IF(D17<=C17,"Có","Không")
A19: Hai cách tính ngưỡng cho ra kết luận khác nhau: theo đơn đầu (chặt) và theo LTV (nới). Báo cáo phải chọn và lập luận (lý thuyết buổi 6, slide 11).

Sheet LT6_3TinhHuong
A1: Kênh | B1: Tình huống | C1: CPC | D1: CVR | E1: Ngân sách | F1: Lượt nhấp | G1: Đơn | H1: Doanh thu | I1: ROAS | J1: CPA | K1: LN gộp sau quảng cáo | L1: Trong ngưỡng hoà vốn?
A2: Tìm kiếm trả phí | B2: Bất lợi | C2: =GiaDinh!$B$13*(1+GiaDinh!$B$15) | D2: =GiaDinh!$B$11*0.8 | E2: =GiaDinh!$B$16 | F2: =E2/C2 | G2: =F2*D2 | H2: =G2*GiaDinh!$B$2 | I2: =H2/E2 | J2: =E2/G2 | K2: =H2*GiaDinh!$B$3-E2 | L2: =IF(I2>=LT6_NguongChi!$B$11,"Có","KHÔNG - giảm ngân sách/hoãn")
A3: Tìm kiếm trả phí | B3: Cơ sở | C3: =GiaDinh!$B$13*1 | D3: =GiaDinh!$B$11*1 | E3: =GiaDinh!$B$16 | F3: =E3/C3 | G3: =F3*D3 | H3: =G3*GiaDinh!$B$2 | I3: =H3/E3 | J3: =E3/G3 | K3: =H3*GiaDinh!$B$3-E3 | L3: =IF(I3>=LT6_NguongChi!$B$11,"Có","KHÔNG - giảm ngân sách/hoãn")
A4: Tìm kiếm trả phí | B4: Thuận lợi | C4: =GiaDinh!$B$13*(1-GiaDinh!$B$15) | D4: =GiaDinh!$B$11*1.2 | E4: =GiaDinh!$B$16 | F4: =E4/C4 | G4: =F4*D4 | H4: =G4*GiaDinh!$B$2 | I4: =H4/E4 | J4: =E4/G4 | K4: =H4*GiaDinh!$B$3-E4 | L4: =IF(I4>=LT6_NguongChi!$B$11,"Có","KHÔNG - giảm ngân sách/hoãn")
A5: Quảng cáo MXH | B5: Bất lợi | C5: =GiaDinh!$B$14*(1+GiaDinh!$B$15) | D5: =GiaDinh!$B$12*0.8 | E5: =GiaDinh!$B$16 | F5: =E5/C5 | G5: =F5*D5 | H5: =G5*GiaDinh!$B$2 | I5: =H5/E5 | J5: =E5/G5 | K5: =H5*GiaDinh!$B$3-E5 | L5: =IF(I5>=LT6_NguongChi!$B$11,"Có","KHÔNG - giảm ngân sách/hoãn")
A6: Quảng cáo MXH | B6: Cơ sở | C6: =GiaDinh!$B$14*1 | D6: =GiaDinh!$B$12*1 | E6: =GiaDinh!$B$16 | F6: =E6/C6 | G6: =F6*D6 | H6: =G6*GiaDinh!$B$2 | I6: =H6/E6 | J6: =E6/G6 | K6: =H6*GiaDinh!$B$3-E6 | L6: =IF(I6>=LT6_NguongChi!$B$11,"Có","KHÔNG - giảm ngân sách/hoãn")
A7: Quảng cáo MXH | B7: Thuận lợi | C7: =GiaDinh!$B$14*(1-GiaDinh!$B$15) | D7: =GiaDinh!$B$12*1.2 | E7: =GiaDinh!$B$16 | F7: =E7/C7 | G7: =F7*D7 | H7: =G7*GiaDinh!$B$2 | I7: =H7/E7 | J7: =E7/G7 | K7: =H7*GiaDinh!$B$3-E7 | L7: =IF(I7>=LT6_NguongChi!$B$11,"Có","KHÔNG - giảm ngân sách/hoãn")
A9: Bất lợi: CPC ở mức cao của khoảng, CVR thấp hơn hiện tại 20%. Thuận lợi: CPC thấp, CVR cao hơn 20% (lý thuyết buổi 6, slide 27). Doanh thu tính theo đơn trung bình.

Sheet LT7_RuiRo
A1: Tài sản | B1: Lỗ hổng / mối đe doạ | C1: Khả năng (1-5) | D1: Tác động (1-5) | E1: Điểm | F1: Xếp hạng | G1: Lý do cho điểm | H1: Biện pháp / trạng thái 11/10
A2: Khoá riêng TLS | B2: Đã nằm trong lịch sử git công khai trên GitHub | C2: 5 | D2: 3 | E2: =C2*D2 | F2: =RANK(E2,$E$2:$E$13) | G2: Ai cũng tải được từ lịch sử repo (khả năng 5). Chứng chỉ tự ký chỉ dùng cục bộ nên tác động trung bình (3). | H2: Đã gỡ khỏi git, sinh khoá mới bằng certs/tao-chung-chi.sh. Khoá cũ coi như đã lộ.
A3: Khoá bí mật VNPay sandbox | B3: Đã nằm trong lịch sử git công khai (setup-payments.php, db-init.sql) | C3: 5 | D3: 4 | E3: =C3*D3 | F3: =RANK(E3,$E$2:$E$13) | G3: Lộ công khai (5). Có khoá thì ký được thông báo IPN giả để đơn thành 'đã thanh toán' (4). | H3: Đã chuyển sang .env, xoá khỏi mã và CSDL. CẦN đổi khoá mới trên cổng sandbox.
A4: Tài khoản quản trị | B4: Mật khẩu yếu admin123 ghi trong README công khai | C4: 5 | D4: 5 | E4: =C4*D4 | F4: =RANK(E4,$E$2:$E$13) | G4: Bị dò tự động hằng ngày (5). Chiếm quyền là mất toàn bộ cửa hàng và dữ liệu khách (5). | H4: Đã đổi mật khẩu 20 ký tự, bỏ khỏi README; có MFA và khoá sau 5 lần sai.
A5: Plugin WooCommerce 9.7.1 | B5: Chậm vá: đã có bản 10.9.4 | C5: 4 | D5: 5 | E5: =C5*D5 | F5: =RANK(E5,$E$2:$E$13) | G5: Lỗ hổng đã công bố bị quét tự động nhanh (4). Lỗ hổng trong lõi bán hàng ảnh hưởng thanh toán và dữ liệu (5). | H5: CHƯA LÀM: nâng cấp sau khi sao lưu và thử trên bản sao.
A6: Bản sao lưu | B6: Không mã hoá, nằm cùng máy, không có bản ngoại tuyến | C6: 3 | D6: 5 | E6: =C6*D6 | F6: =RANK(E6,$E$2:$E$13) | G6: Máy bị mã độc tống tiền thì mất cả bản gốc lẫn bản sao (3). Mất toàn bộ đơn và khách (5). | H6: Đã thử phục hồi (3 giây, khớp 100%). CẦN: chép ra ổ ngoài, mã hoá, lịch tự động.
A7: db-init.sql trong repo công khai | B7: Bản dump toàn bộ CSDL (đơn mẫu, mã băm mật khẩu) | C7: 4 | D7: 3 | E7: =C7*D7 | F7: =RANK(E7,$E$2:$E$13) | G7: Ai cũng tải được (4). Dữ liệu là mẫu, mật khẩu đã băm (3). | H7: Đã xoá khoá VNPay, cập nhật mã băm mật khẩu mới. CẦN cân nhắc chỉ giữ dữ liệu mẫu tối thiểu.
A8: Plugin VNPay (bên thứ ba) | B8: Tin phản hồi trình duyệt để xác nhận thanh toán; so chữ ký bằng == | C8: 4 | D8: 5 | E8: =C8*D8 | F8: =RANK(E8,$E$2:$E$13) | G8: Lỗi logic phổ biến, dễ khai thác (4). Nhận hàng không trả tiền (5). | H8: Đã sửa: chỉ IPN được đổi trạng thái, hash_equals, khớp số tiền; 6/6 kiểm thử đạt.
A9: Trang quản trị | B9: Một tài khoản quản trị duy nhất dùng chung cả nhóm | C9: 3 | D9: 4 | E9: =C9*D9 | F9: =RANK(E9,$E$2:$E$13) | G9: Không truy vết được ai làm gì (3); mất một máy là lộ quyền cao nhất (4). | H9: CẦN: mỗi thành viên một tài khoản Quản lý cửa hàng; tài khoản riêng cho giảng viên (TH15).
A10: Nhật ký WooCommerce (wc-logs) | B10: Có thể chứa mã đơn, số tiền; từng bị đưa lên git | C10: 2 | D10: 3 | E10: =C10*D10 | F10: =RANK(E10,$E$2:$E$13) | G10: Thư mục chặn truy cập web (403) (2). Lộ thông tin giao dịch (3). | H10: Đã gỡ khỏi git và gitignore.
A11: Biểu mẫu lọc sản phẩm | B11: Tham số GET đưa vào truy vấn (chèn mã, kịch bản chéo trang) | C11: 2 | D11: 4 | E11: =C11*D11 | F11: =RANK(E11,$E$2:$E$13) | G11: WooCommerce dùng truy vấn tham số hoá, rủi ro thấp (2). Nếu lọt thì đọc được CSDL (4). | H11: CẦN rà soát mã product-filters.php: làm sạch và escape mọi tham số.
A12: Máy chủ trong mùa tựu trường | B12: Quá tải hoặc từ chối dịch vụ đúng tháng 8 | C12: 2 | D12: 4 | E12: =C12*D12 | F12: =RANK(E12,$E$2:$E$13) | G12: Cửa hàng nhỏ ít bị nhắm (2). Ngừng bán đúng mùa cao điểm (4). | H12: Đã có nén, cache trình duyệt. Khi triển khai thật: CDN, giới hạn tần suất.
A13: Email khách hàng | B13: Lừa đảo giả danh cửa hàng (thiếu SPF/DKIM) | C13: 2 | D13: 3 | E13: =C13*D13 | F13: =RANK(E13,$E$2:$E$13) | G13: Cửa hàng chưa nổi tiếng (2). Mất uy tín, khách bị lừa (3). | H13: Khi có tên miền thật: SPF, DKIM, DMARC.
A15: Điểm = khả năng × tác động (lý thuyết buổi 7, slide 23). Khả năng: lỗ hổng có phổ biến và bị tấn công tự động nhắm tới không. Tác động: tài chính, uy tín, nghĩa vụ pháp lý.

Sheet LT10_Logistics
A1: Chỉ số | B1: Cách đo | C1: Giá trị hiện tại | D1: Mục tiêu | E1: Cho biết vấn đề ở đâu
A2: Thời gian xử lý đơn (giờ) | B2: Từ lúc đơn sang Đang xử lý tới lúc bàn giao vận chuyển (ghi chú đơn) | C2: Chưa đo | D2: 24 | E2: Nội bộ - cửa hàng kiểm soát hoàn toàn
A3: Thời gian giao hàng (ngày) | B3: Từ bàn giao tới khách nhận (mã vận đơn) | C3: Chưa đo | D3: 4 | E3: Đối tác vận chuyển
A4: Tỷ lệ giao thành công lần đầu | B4: Số đơn giao được ngay ÷ số đơn giao | C4: Chưa đo | D4: 0.95 | E4: Kiểm tra địa chỉ khi đặt, gọi trước giờ giao
A5: Tỷ lệ hoàn hàng (tách theo nguyên nhân) | B5: Đơn hoàn ÷ đơn giao; nguyên nhân: lỗi / sai mô tả / đổi ý (theo chính sách đổi trả) | C5: =GiaDinh!$B$7 | D5: 0.03 | E5: Hàng lỗi → chất lượng; sai mô tả → trang sản phẩm
A6: Độ chính xác đơn hàng | B6: Đơn đúng sản phẩm, số lượng ÷ tổng đơn | C6: Chưa đo | D6: 0.99 | E6: Khâu chọn và đóng gói
A7: Chi phí logistics mỗi đơn | B7: Ship cửa hàng chịu + đóng gói + tỷ lệ hoàn × chi phí hoàn | C7: =GiaDinh!$B$4*IF(GiaDinh!$B$2>=GiaDinh!$B$5,1,0)+GiaDinh!$B$6+GiaDinh!$B$7*GiaDinh!$B$8 | E7: So với lợi nhuận gộp mỗi đơn (dòng dưới)
A8: Lợi nhuận gộp mỗi đơn trung bình | B8: Đơn trung bình × biên gộp | C8: =GiaDinh!$B$2*GiaDinh!$B$3
A9: Chi phí logistics / lợi nhuận gộp | C9: =C7/C8 | D9: 0.3 | E9: Vượt 100% thì bán càng nhiều càng lỗ (slide 8)
A10: Ngưỡng miễn phí / đơn trung bình | C10: =GiaDinh!$B$5/GiaDinh!$B$2 | D10: 1,1–1,2 | E10: Lý thuyết buổi 10 slide 9; hướng dẫn TH12 bước 12.2
A12: Các chỉ số 'Chưa đo' cần dữ liệu vận hành thật; cửa hàng thử nghiệm chưa có đơn vị vận chuyển. Chi phí logistics tính theo giả định ở sheet GiaDinh.
